{
  "mux_2to1_tb": { "corrigir" : true },
  "unsigned_adder_tb": { "corrigir" : true },
  "signed_subtractor_tb": { "corrigir" : true },
  "absolute_difference_tb": { "corrigir" : true },
  "unsigned_register_tb": { "corrigir" : true },
  "sad_tb": {
    "TEST_SUITE_0": { "corrigir" : true },
    "TEST_SUITE_1": { "corrigir" : true },
    "TEST_SUITE_2": { "corrigir" : true },
    "TEST_SUITE_3": { "corrigir" : true },
    "TEST_SUITE_4": { "corrigir" : true },
    "TEST_SUITE_5": { "corrigir" : true }
  }
}